product_id,slug,category,source_url,matched_terms,matched_in,fields_withheld,excerpt
22,orthosash-capsule,supplements,https://biosash.com/product/orthosash-capsule/,arthritis; rheumatism; gout; treatment of,benefits,description; benefits; key_claims,"The selection of herbs in Orthosash is based upon a long standing use as a traditional solution to promote joint health, control natural inflammatory responses within the body and maintain healthy nerve and tissue functi"
17,immunosash-capsules-30-capsules,wellness,https://biosash.com/product/immunosash-capsules-30-capsules/,infection,description,description; key_claims,"Immunosash Capsule: Advanced Immunity Support with Sea Buckthorn Seed Oil, Sea buckthorn Berry Oil & Turmeric Oil Powerful Herbal Formula for Stronger Immunity & Vitality Immunosash Capsule is a scientifically formulated"
9,black-seed-oil-capsule,supplements,https://biosash.com/product/black-seed-oil-capsule/,cholesterol; asthma,benefits,description; benefits; key_claims,"<p>Also known as the 'Black Cumin' seed oil, it is extracted from the seeds of Nigella Sativa, which is a plant native to the South and Southwest Asia. Its benefits have been recognized by the Ancient Egyptians and today"
20,nonisash,supplements,https://biosash.com/product/nonisash/,diabetes; tumor; depression; infection; treat,description,description; benefits,<p>The Noni Plant Is Small Shrub Native To Asia & Australia.<br /> Noni is also known as Morinda And Indian Mulberry. Noni Fruit Has Been Used For Thousand of Year to Help Treat Varity of Health Problem Such As Diabetes 
28,sea-buckthorn-oil-capsule,supplements,https://biosash.com/product/sea-buckthorn-oil-capsule/,blood pressure; heart disease,benefits,description; benefits; key_claims,"This capsule is prepared with the supercritical CO2 extracted seed oil of certified organic sea buckthorn berries. This oil has all essential fatty acids Omega 3, 6, 7 and 9, which are essential for a healthy immune syst"
29,spirusash-capsule,supplements,https://biosash.com/product/spirusash-capsule/,diabetes; blood pressure; cholesterol; depression; heart disease; treating,benefits,description; benefits,"<p>Research suggests that spirulina has antioxidant and inflammation fighting properties, as well as the ability to help regulate the immune system. It also contains thiamin, riboflavin, niacin, folate and vitamin B-6, A"
32,whegasash-tablets,supplements,https://biosash.com/product/whegasash-tablets/,ulcer; piles; hemorrhoid; constipation; treat,description,description,"Wheatgrass Packs a Powerhouse of nutrients. An Ounce Of Wheatgrass Contains 8gm Of Protein And Dietary fiber Each, 240% OF RDA OF Vitamin A, 93% of The RDA of Vitamin C, 356% OF RDA OF iron And 12% OF The RDA of Calcium,"
52,seabuckthorn-trimfit-juice,juices-drinks,https://biosash.com/product/seabuckthorn-trimfit-juice/,obesity; cholesterol,description; benefits,description; benefits; key_claims; how_to_use,Obesity is a major problem and it may result in a number of diseases. Normally diet suppressors and various solutions to this problem fail to achieve results and also produce weakness in the body. This sea buckthorn juic
41,seabuckthorn-empower-x-juice,juices-drinks,https://biosash.com/product/seabuckthorn-empower-x-juice/,erectile dysfunction; libido; sexual weakness; premature ejaculation; aphrodisiac; infertility,description; benefits,description; benefits; key_claims; how_to_use,<p>In science it is said that the basic purpose of life is procreation and the desire to live depends on attraction and sexual desire. This sea buckthorn juice has been formulated with these objectives in mind with well 
43,seabuckthorn-ferrosash-juice,juices-drinks,https://biosash.com/product/seabuckthorn-ferrosash-juice/,anaemia,description,description; benefits; key_claims; how_to_use,"Poor dietary lifestyle problems today affect the proper functioning of the body commonly leading low to levels of haemoglobin in blood – anaemia and other issues including weakness , poor growth , low immunity and succep"
51,seabuckthorn-stressaid-juice,juices-drinks,https://biosash.com/product/seabuckthorn-stressaid-juice/,depression,benefits,description; benefits; how_to_use,<p>STRESS is a major lifestyle induced problem which today affects the proper functioning of the body which may lead to severe complications . This special formulation based on sea buckthorn and Indian herbs well known i
44,seabuckthorn-giloysash-juice,juices-drinks,https://biosash.com/product/seabuckthorn-giloysash-juice/,cancer,description,description; benefits; key_claims; how_to_use,"<p>Stress and poor lifestyle induced problems including toxins, pollution in air , food and water , today adversely impact the health of your organs and body and affects the proper functioning of the body leading to poor"
40,seabuckthorn-empower-juice,juices-drinks,https://biosash.com/product/seabuckthorn-empower-juice/,libido; sexual weakness; sexual dysfunction; aphrodisiac; erectile dysfunction; premature ejaculation,benefits,benefits; key_claims; how_to_use,"This sea buckthorn juice is prepared with certified organic sea buckthorn berries and also formulated with well known ayurvedic herbs ashwagandha, safed musli, konch beej and shatavari extracts, which helps to improve se"
70,coconut-natural-face-wash,skin-care,https://biosash.com/product/coconut-natural-face-wash/,infection,description,description,1. Natural Coconut Essential Oil Coconut oil is a highly saturated oil that is traditionally made by extracting the oil from raw coconuts or dried coconut kernels. The lauric acid found in coconut oil gives it antimicrob
64,milk-chocolate-cream-detangle-shampoo,hair-care,https://biosash.com/product/milk-chocolate-cream-detangle-shampoo/,infection,description,description,"1. Aloe Vera Extract It provides a protective layer to the skin which helps retain moisture. Aloe is also rich in antioxidants and minerals which can help speed healing. Its antibacterial, antiseptic and anti-inflammator"
42,seabuckthorn-femsash-juice,juices-drinks,https://biosash.com/product/seabuckthorn-femsash-juice/,menopause; remedy; libido,description; benefits,description; benefits; how_to_use,"Is is observed that women suffer from various unexplained problems related to their menstrual cycle , or menopause or even puberty and do not have any proper recourse to any natural remedy. This sea buckthorn juice has b"
39,seabuckthorn-digestosash-juice,juices-drinks,https://biosash.com/product/seabuckthorn-digestosash-juice/,ulcer; obesity; treat; constipation,description; benefits,description; benefits; how_to_use,"In India , indigestion is a rampant issue due to poor dietary lifestyle and hygiene problems today which affect the proper digestive functioning of the body commonly leading to other issues including weakness , poor grow"
96,tulsi-haldi-face-wash,skin-care,https://biosash.com/product/tulsi-haldi-face-wash/,infection; treat,benefits,description; benefits,"A face wash made with Extracts of Tulsi and Haldi, which completely cleanses and gives clear skin, leaves the skin moisturized, soft and supple."
133,neem-tulsi-bath,bath-body,https://biosash.com/product/neem-tulsi-bath/,infection,description,description,<p>Neem and Tulsi essential oils have anti bacterial properties and thus Skin gets antiseptic and anti bacterial effects. Regular use of this soap protects the skin from infections. </p>
149,liquid-wash-intimate-women,personal-care,https://biosash.com/product/liquid-wash-intimate-women/,treat; therapeutic,benefits,description; benefits,"This Liquid Wash-Intimate Women is enriched with organic sea buckthorn berry oil, Tea Tree Oil, Neem Extract and Grapefruit Extract,"
148,dentosash,personal-care,https://biosash.com/product/dentosash/,healing of,benefits,description; benefits,Dentosash Toothgel is a unique formulation of Himalayan sea buckthorn oil and natural herbal extracts that provide long lasting and complete oral care to gums & teeth. Dentosash not only cleans teeth but also bring fresh
15,empower-x-tablets,supplements,https://biosash.com/product/empower-x-tablets/,erectile dysfunction; libido; aphrodisiac,description,description; key_claims,<p>Empower-X Tablets are a safe and effective Ayurvedic formulation purely based on the herbs and formulas of the ancient Ayurvedic texts and tested in modern laboratories. It helps to maintain virility and enhances libi
23,panch-tulsi-drops,supplements,https://biosash.com/product/panch-tulsi-drops/,infection; constipation; diabetes; heart disease; cancer; blood pressure; treat,benefits,description; benefits; key_claims,Panch Tulsi Drops is a blend of five species of best quality Organic Certified Himalayan Tulsi. Tulsi plant is a venerated plant worshipped in India as sacred. It is also known all over the world as Holy Basil. In Sanskr
36,seabuckthorn-cardiosash-juice,juices-drinks,https://biosash.com/product/seabuckthorn-cardiosash-juice/,blood pressure; heart disease; cholesterol,description; benefits,description; benefits; key_claims; how_to_use,<p>Major lifestyle induced problems today affect the proper functioning of the heart which may lead to severe complications including high blood pressure and heart disease and even heart attacks. This special formulation
1,after-shave-lotion-for-men,mens-care,https://biosash.com/product/after-shave-lotion-for-men/,healing of,description,description,"This product is specially made for men, who have to face many problems after shaving such as fine cuts , and red spots and itch. This is a unique combination of different oils like: Lavender oil, Lemon oil and Olive oil."
18,leucosash-capsule,supplements,https://biosash.com/product/leucosash-capsule/,infection; menstrual disorder; inflammatory disease,description; benefits,description; benefits,<p>Leucorrhea is a common gynecological disorder associated with white vaginal discharge and resultant pain & burning sensations. Pus-cells and foul odours due to bacterial infection are responsible for such a problem. L
33,fresh-turmeric-rhizome-juice-with-guggul,juices-drinks,https://biosash.com/product/fresh-turmeric-rhizome-juice-with-guggul/,jaundice; hepatitis; alzheimer; cancer; ulcer; arthritis; rheumatoid,benefits,benefits; how_to_use,"Can you imagine an Indian dish without turmeric? It forms an integral part of Indian cuisine. But, apart from being used as an ingredient in cooking, turmeric offers many health benefits. Turmeric contains more than 300 "
35,seabuckthorn-biosip,juices-drinks,https://biosash.com/product/seabuckthorn-biosip/,immunity booster,description,description,"<p>A unique, rejuvenating and rehydrating sea buckthorn ready to drink beverage brought to you by Biosash – BIOSIP contains herbs to boost immunity and aid digestion and rejuvenates you from within. ITS INGREDIENTS ARE R"
79,neem-tulsi-face-wash,skin-care,https://biosash.com/product/neem-tulsi-face-wash/,therapeutic,benefits,description; benefits,"A face wash made with Neem leaf extract and Tulsi oil, which completely moisturizes and protect skin from environmental damage, it cleanses and gives clear skin, leaves the skin moisturized, soft and supple."
53,seabuckthorn-with-turmeric-oil,juices-drinks,https://biosash.com/product/seabuckthorn-with-turmeric-oil/,jaundice; hepatitis; cancer; alzheimer; ulcer,benefits,benefits; key_claims,<p>This sea buckthorn juice is formulated certified organic sea buckthorn berries and with turmeric oil. Turmeric (Curcuma longa root) has been used medicinally for thousands of years for its incredible range of health b
50,seabuckthorn-memorysash-juice,juices-drinks,https://biosash.com/product/seabuckthorn-memorysash-juice/,depression,benefits,description; benefits; key_claims; how_to_use,Major lifestyle induced problems today affects the proper functioning of the brain which may lead to severe complications including memory loss. This special formulation based on sea buckthorn and Indian herbs well known
69,aloe-vera-and-neem-face-wash,skin-care,https://biosash.com/product/aloe-vera-and-neem-face-wash/,infection; therapeutic,benefits,description; benefits,"A face wash made with Extracts of Aloe Vera and Neem completely cleanses and gives clear skin, leaves the skin moisturized, soft and supple."
130,natural-seabuckthorn-bathing-bar,bath-body,https://biosash.com/product/natural-seabuckthorn-bathing-bar/,treating; remedy,benefits,description; benefits,"<p>This handmade natural sea buckthorn soap enriched with organic sea buckthorn berry oil, sea buckthorn seed oil, Coconut Oil, Palm Oil, Olive Oil, Sunflower Oil, Sesame Oil, Lemon Oil, Soyabean Oil and Orange Oil.</p>"
68,sesame-hair-oil,hair-care,https://biosash.com/product/sesame-hair-oil/,infection,description,description,"It is enriched with Vitamin E, B complex, and minerals such as magnesium, calcium, phosphorus and protein that strengthens the hair from the roots and deeply nourishes. Massaging your hair and scalp with sesame oil can h"
55,wellsash-capsules-60-capsules,juices-drinks,https://biosash.com/product/wellsash-capsules-60-capsules/,infection,description,description,<p> Benefits:</p> <p>Boosts energy levels and combats daily fatigue<br /> Enhances physical stamina and endurance<br /> Strengthens the immune system to fight infections<br /> Helps manage stress and improve mental clari
49,seabuckthorn-livosash-juice,juices-drinks,https://biosash.com/product/seabuckthorn-livosash-juice/,hepatitis; constipation; treat,description; benefits,description; benefits; key_claims; how_to_use,<p>Poor dietary lifestyle and hygene induced problems today affect the proper functioning of the liver commonly leading to fatty liver and in some cases to hepatitis and even cirrhosis. This special formulation based on 
3,beard-wash,mens-care,https://biosash.com/product/beard-wash/,infection; treating; treat,benefits,description; benefits,This extremely gentle Beard Wash cleans your Beard deep down to its pores and removes dirt and grime. It deeply washes without depleting your skin of its natural nutrients. It nourishes & conditions your skin and hair. I
13,diabosash-capsules,supplements,https://biosash.com/product/diabosash-capsules/,diabetes; blood sugar; insulin; treat; remedies,description; benefits,description; benefits,Diabosash is a wonderful herbal product for diabetes that helps to balance blood sugar naturally and does not have any adverse side effects. People suffering from diabetes depend upon conventional remedies for diabetes c
21,orthosash-pain-oil,supplements,https://biosash.com/product/orthosash-pain-oil/,arthritis; osteoarthritis; rheumatoid,description; benefits,description; benefits; key_claims,"<p>Joint disorders like arthritis are very painful conditions and most of the people affected lose their flexibility and are restricted in their movements. Moreover, muscle issues like backache, muscle sprain and strain "
126,multani-mitti-bathing-bar,bath-body,https://biosash.com/product/multani-mitti-bathing-bar/,treating; remedy; therapeutic,description,description,"<p>This Handmade MultaniMitti Soap is made with MultaniMitti (Fullers Earth) A natural wonder for your skin, the benefits of multanimitti are truly incredible owing to its skin healing, improving and nourishing propertie"
10,calsash-tablets,supplements,https://biosash.com/product/calsash-tablets/,osteoporosis; treating; blood pressure; cancer,description; benefits,description; benefits; key_claims,"<p>The mineral calcium is well known for its Key role in bone health. Calcium also helps maintain heart rhythm, muscle function and more. Calcium is crucial in growing new bone and maintaining bone strength. Calcium Supp"
19,liver-kidney-support,supplements,https://biosash.com/product/liver-kidney-support/,cancer; jaundice; liver disease,description,description,Liver & Kidney Support Capsule Our unique herbal formulation of liver and kidney support capsules has been done to aid the liver and kidneys of our humanbody to detox and cleanse itself from the daily inslaught of pollut
